{"cameraMode":{"drawMode":0,"name":"Shaded","section":"Shading Mode"},"sceneLighting":true,"audioPlay":false,"sceneViewState":{"m_AlwaysRefresh":false,"showFog":true,"showSkybox":true,"showFlares":true,"showImageEffects":true,"showParticleSystems":true,"showVisualEffectGraphs":true,"m_FxEnabled":true},"in2DMode":false,"pivot":{"x":0.1155080795288086,"y":3.8055782318115236,"z":18.675676345825197},"rotation":{"x":0.1658606231212616,"y":-0.31233450770378115,"z":0.05548061430454254,"w":0.9337363243103027},"size":39.28418731689453,"orthographic":false}