{"cameraMode":{"drawMode":0,"name":"Shaded","section":"Shading Mode"},"sceneLighting":true,"audioPlay":false,"sceneViewState":{"m_AlwaysRefresh":false,"showFog":true,"showSkybox":true,"showFlares":true,"showImageEffects":true,"showParticleSystems":true,"showVisualEffectGraphs":true,"m_FxEnabled":true},"in2DMode":false,"pivot":{"x":0.1155080795288086,"y":3.8055782318115236,"z":-40.12432861328125},"rotation":{"x":0.18008393049240113,"y":-0.1794847995042801,"z":0.033436402678489688,"w":0.9665783643722534},"size":39.28418731689453,"orthographic":false}